name,price,url,image,description,dimensions,material,color,category,brand
Fogarty Mattress,£87.20,https://www.dunelm.com/product/fogarty-kids-open-coil-single-memory-foam-mattress-1000230764?defaultSkuId=30873393,https://images.dunelm.com/30873393.jpg?$v8srpgrid$&img404=noimagedefault,Kids open coil single memory fibre mattress with 20% off,single,memory fibre,N/A,mattress,Dunelm
Octasmart Mattress,£321.30 - £517.30,https://www.dunelm.com/product/dormeo-octasmart-hybrid-mattress-1000250438?defaultSkuId=30960098,https://images.dunelm.com/30960098.jpg?$v8srpgrid$&img404=noimagedefault,Hybrid mattress with Octasmart technology,N/A,N/A,N/A,mattress,Dunelm
Matrah Ruby,£199 - £299,https://www.dunelm.com/product/sareer-matrah-ruby-memory-foam-mattress-1000116028?defaultSkuId=30581117,https://images.dunelm.com/30581117.jpg?$v8srpgrid$&img404=noimagedefault,Quick Delivery,N/A,memory foam,N/A,mattress,Dunelm
Sareer Mattress,£108 - £260,https://www.dunelm.com/product/sareer-pocket-sprung-latex-mattress-1000254004?defaultSkuId=30938008,https://images.dunelm.com/30938008.jpg?$v8srpgrid$&img404=noimagedefault,Pocket sprung latex mattress with 20% off,N/A,"latex, pocket sprung",N/A,mattress,Dunelm
Tutti Bambini,£70 - £75,https://www.dunelm.com/product/tutti-bambini-sprung-cot-mattress-1000231840?defaultSkuId=30884500,https://images.dunelm.com/30884500.jpg?$v8srpgrid$&img404=noimagedefault,N/A,N/A,N/A,N/A,mattress,Dunelm
Fogarty Mattress,£79.20,https://www.dunelm.com/product/fogarty-kids-open-coil-single-waterproof-mattress-1000230763?defaultSkuId=30873392,https://images.dunelm.com/30873392.jpg?$v8srpgrid$&img404=noimagedefault,Kids open coil single waterproof mattress,single,coil,N/A,mattress,Dunelm
Sealy Mattress,£519.20 - £879.20,https://www.dunelm.com/product/sealy-advantage-delux-newhaven-mattress-1000248690?defaultSkuId=30944856,https://images.dunelm.com/30944856.jpg?$v8srpgrid$&img404=noimagedefault,Sealy Advantage Delux Newhaven Mattress with 20% Off,N/A,N/A,N/A,mattress,Dunelm
Sareer Mattress,£129 - £299,https://www.dunelm.com/product/sareer-kids-memory-foam-mattress-1000253992?defaultSkuId=30938032,https://images.dunelm.com/30938032.jpg?$v8srpgrid$&img404=noimagedefault,Quick Delivery,N/A,memory foam,N/A,mattress,Dunelm
Sealy Mattress,£559.20 - £959.20,https://www.dunelm.com/product/sealy-advantage-delux-islington-mattress-1000248689?defaultSkuId=30944911,https://images.dunelm.com/30944911.jpg?$v8srpgrid$&img404=noimagedefault,Sealy Advantage Delux Islington Mattress with 20% off,N/A,N/A,N/A,mattress,Dunelm
Sinatra Headboard,£119 - £199,https://www.dunelm.com/product/sinatra-pure-pastel-cotton-headboard-1000219718?defaultSkuId=30853166,https://images.dunelm.com/30853166.jpg?$v8srpgrid$&img404=noimagedefault,Pure pastel cotton headboard,N/A,cotton,pastel,headboard,Dunelm
Fogarty Mattress,£143.20 - £239.20,https://www.dunelm.com/product/fogarty-firm-open-coil-mattress-1000222906?defaultSkuId=30857841,https://images.dunelm.com/30857841.jpg?$v8srpgrid$&img404=noimagedefault,Firm open coil mattress with 20% off,N/A,N/A,N/A,mattress,Dunelm
Grant Headboard,£179 - £259,https://www.dunelm.com/product/grant-pure-pastel-cotton-headboard-1000219709?defaultSkuId=30853387,https://images.dunelm.com/30853387.jpg?$v8srpgrid$&img404=noimagedefault,Pure Pastel Cotton Headboard,N/A,cotton,pastel,headboard,Dunelm
Tutti Bambini,£99 - £109,https://www.dunelm.com/product/tutti-bambini-pocket-sprung-cot-mattress-1000231841?defaultSkuId=30884662,https://images.dunelm.com/30884662.jpg?$v8srpgrid$&img404=noimagedefault,Pocket sprung cot mattress,N/A,N/A,N/A,mattress,Dunelm
CoZee Mattress,£30,https://www.dunelm.com/product/tutti-bambini-cozee-bedside-crib-polyester-fibre-mattress-1000231837?defaultSkuId=30884495,https://images.dunelm.com/30884495.jpg?$v8srpgrid$&img404=noimagedefault,Bedside crib polyester fibre mattress,N/A,polyester fibre,N/A,mattress,Dunelm
Panda Mattress,£649 - £959,https://www.dunelm.com/product/panda-hybrid-bamboo-mattress-1000256407?defaultSkuId=30965625,https://images.dunelm.com/30965625.jpg?$v8srpgrid$&img404=noimagedefault,Quick Delivery,N/A,N/A,N/A,mattress,Dunelm
Clair de Lune,£49,https://www.dunelm.com/product/clair-de-lune-essential-fibre-cot-bed-mattress-1000250602?defaultSkuId=30961430,https://images.dunelm.com/30961430.jpg?$v8srpgrid$&img404=noimagedefault,Essential Fibre Cot Bed Mattress,N/A,fibre,N/A,mattress,Dunelm
Sealy Holst,"£735.20 - £1,271.20",https://www.dunelm.com/product/sealy-elevate-holst-mattress-1000248687?defaultSkuId=30944908,https://images.dunelm.com/30944908.jpg?$v8srpgrid$&img404=noimagedefault,"Mattress with 20% off, was £919 - £1,589",N/A,N/A,N/A,mattress,Dunelm
Fogarty Kids,£111.20,https://www.dunelm.com/product/fogarty-kids-600-pocket-spring-single-mattress-1000230766?defaultSkuId=30873395,https://images.dunelm.com/30873395.jpg?$v8srpgrid$&img404=noimagedefault,20% Off Fogarty Kids 600 Pocket Spring Single Mattress,N/A,N/A,N/A,mattress,Dunelm
Jay-Be Quest,£169,https://www.dunelm.com/product/jay-be-quest-q1-endless-comfort-mattress-1000224933?defaultSkuId=30859892,https://images.dunelm.com/30859892.jpg?$v8srpgrid$&img404=noimagedefault,N/A,N/A,N/A,N/A,mattress,Dunelm
Ickle Bubba,£69 - £89,https://www.dunelm.com/product/ickle-bubba-premium-sprung-cot-mattress-1000236891?defaultSkuId=30897564,https://images.dunelm.com/30897564.jpg?$v8srpgrid$&img404=noimagedefault,Premium sprung cot mattress with quick delivery,N/A,N/A,N/A,mattress,Dunelm
Fogarty Bamboo,£119.20 - £191.20,https://www.dunelm.com/product/fogarty-bamboo-open-coil-mattress-1000239343?defaultSkuId=30901084,https://images.dunelm.com/30901084.jpg?$v8srpgrid$&img404=noimagedefault,Open coil mattress with bamboo fabric cover,N/A,"bamboo, open coil",N/A,mattress,Dunelm
Imagine Sprung,£179 - £209,https://www.dunelm.com/product/silentnight-imagine-sprung-bunk-mattress-1000143270?defaultSkuId=30638178,https://images.dunelm.com/30638178.jpg?$v8srpgrid$&img404=noimagedefault,Silentnight Medium Firm Imagine Sprung Bunk Mattress,N/A,N/A,N/A,mattress,Dunelm
Octasmart Mattress,£309 - £619,https://www.dunelm.com/product/dormeo-octasmart-mattress-1000250439?defaultSkuId=30960109,https://images.dunelm.com/30960109.jpg?$v8srpgrid$&img404=noimagedefault,Quick Delivery,N/A,N/A,N/A,mattress,Dunelm
Quest Q2,£209,https://www.dunelm.com/product/jay-be-quest-q2-extreme-comfort-mattress-1000224934?defaultSkuId=30859893,https://images.dunelm.com/30859893.jpg?$v8srpgrid$&img404=noimagedefault,Quick Delivery,N/A,N/A,N/A,mattress,Dunelm
Open Coil Mattress,£109 - £169,https://www.dunelm.com/product/crib-5-open-coil-mattress-1000239209?defaultSkuId=30901055,https://images.dunelm.com/30901055.jpg?$v8srpgrid$&img404=noimagedefault,Commercial Collection Open Coil Mattress,N/A,N/A,N/A,mattress,Dunelm
Quest Q3,£239,https://www.dunelm.com/product/jay-be-quest-q3-epic-comfort-mattress-1000224935?defaultSkuId=30859894,https://images.dunelm.com/30859894.jpg?$v8srpgrid$&img404=noimagedefault,Jay-Be Quest Q3 Epic Comfort Mattress,N/A,N/A,N/A,mattress,Dunelm
Panda Hybrid,"£949 - £1,549",https://www.dunelm.com/product/panda-hybrid-bamboo-mattress-1000229732?defaultSkuId=30886309,https://images.dunelm.com/30886309.jpg?$v8srpgrid$&img404=noimagedefault,Quick Delivery Panda Hybrid Bamboo Mattress Pro,N/A,bamboo,N/A,mattress,Dunelm
Simply Kids,£129 - £149,https://www.dunelm.com/product/jaybe-simply-kids-anti-allergy-foam-free-open-coil-mattress-1000184601?defaultSkuId=30732529,https://images.dunelm.com/30732529.jpg?$v8srpgrid$&img404=noimagedefault,JayBe Simply Kid's Medium Anti Allergy Foam Free Open Coil Mattress,N/A,foam free open coil,N/A,mattress,Dunelm
Lullaby Mattress,£109 - £119,https://www.dunelm.com/product/safe-nights-lullaby-breathable-cot-mattress-1000218833?defaultSkuId=30851880,https://images.dunelm.com/30851880.jpg?$v8srpgrid$&img404=noimagedefault,Breathable cot mattress for safe nights,N/A,N/A,N/A,mattress,Dunelm
Jay-Be Mattress,£169,https://www.dunelm.com/product/jay-be-bunk-e-pocket-eco-kids-mattress-1000238143?defaultSkuId=30908791,https://images.dunelm.com/30908791.jpg?$v8srpgrid$&img404=noimagedefault,Quick Delivery,N/A,N/A,N/A,mattress,Dunelm
Silentnight Mattress,£589 - £809,https://www.dunelm.com/product/silentnight-wool-naturals-1600-pocket-mattress-1000237799?defaultSkuId=30905230,https://images.dunelm.com/30905230.jpg?$v8srpgrid$&img404=noimagedefault,Silentnight Wool Naturals 1600 Pocket Mattress,N/A,"wool, pocket springs",N/A,mattress,Dunelm
Jay-Be Mattress,£289 - £449,https://www.dunelm.com/product/jay-be-firm-2000-pocket-truecore-mattress-1000238148?defaultSkuId=30908804,https://images.dunelm.com/30908804.jpg?$v8srpgrid$&img404=noimagedefault,Quick Delivery,N/A,N/A,N/A,mattress,Dunelm
Healthy Growth Comet,£199,https://www.dunelm.com/product/silentnight-healthy-growth-comet-eco-miracoil-single-1000215762?defaultSkuId=30836378,https://images.dunelm.com/30836378.jpg?$v8srpgrid$&img404=noimagedefault,N/A,N/A,N/A,N/A,bed,Dunelm
Silentnight Mattress,"£529 - £1,009",https://www.dunelm.com/product/silentnight-ultra-gel-1200-pocket-pillowtop-mattress-1000271655?defaultSkuId=31009142,https://images.dunelm.com/31009142.jpg?$v8srpgrid$&img404=noimagedefault,Ultra Gel 1200 Pocket Pillowtop Mattress,N/A,"pocket springs, gel, fabric",N/A,mattress,Dunelm
Cot Mattress,£119 - £139,https://www.dunelm.com/product/tutti-bambini-natural-coir-fibre-cot-mattress-1000231842?defaultSkuId=30884664,https://images.dunelm.com/30884664.jpg?$v8srpgrid$&img404=noimagedefault,Tutti Bambini Natural Coir Fibre Cot Mattress,N/A,coir fibre,N/A,mattress,Dunelm
Verona Seat,£189,https://www.dunelm.com/product/verona-window-seat-charcoal-hopsack-1000170185?defaultSkuId=30709430,https://images.dunelm.com/30709430.jpg?$v8srpgrid$&img404=noimagedefault,Fabric window seat in charcoal color,N/A,fabric,charcoal,window seat,Dunelm
Komfi Vitality Max,£379 - £799,https://www.dunelm.com/product/komfi-vitality-max-mattress-1000270803?defaultSkuId=31008495,https://images.dunelm.com/31008495.jpg?$v8srpgrid$&img404=noimagedefault,N/A,N/A,N/A,N/A,mattress,Dunelm
